Search term,Avg. CPM,Impr.,Interactions,Interaction rate,Avg. cost,Cost,Campaign type
southern tractor parts,145,2,1,50.00%,0.29,0.29,Search
international 806 parts,0,2,0,0.00%,0,0,Search
bolens tractor parts,0,2,0,0.00%,0,0,Search
ford 5600 tractor parts,0,3,0,0.00%,0,0,Search
farmall m belt pulley,152.5,4,1,25.00%,0.61,0.61,Search
oliver oc4 parts,50,7,1,14.29%,0.35,0.35,Search
super m carburetor,0,3,0,0.00%,0,0,Search
farmall m radiator,180,32,5,15.63%,1.15,5.76,Search
replacement tractor fuel tanks,0,2,0,0.00%,0,0,Search
ford 8n manifold,0,8,0,0.00%,0,0,Search
just 8n tractor parts,230,2,1,50.00%,0.46,0.46,Search
allis chalmers wd distributor,0,2,0,0.00%,0,0,Search
continental z120 engine parts,90,2,1,50.00%,0.18,0.18,Search
david bradley walk behind tractor engine,0,2,0,0.00%,0,0,Search
c5nn10a949c,0,2,0,0.00%,0,0,Search
john deere 4020 air filter,0,2,0,0.00%,0,0,Search
407018r91,0,3,0,0.00%,0,0,Search
john deere 3010 gas carburetor,0,4,0,0.00%,0,0,Search
john deere 1010 radiator,0,2,0,0.00%,0,0,Search
ford nca577a,0,2,0,0.00%,0,0,Search
allis chalmers d14 carburetor,0,2,0,0.00%,0,0,Search
ford 8n overhaul kit,0,2,0,0.00%,0,0,Search
massey ferguson parts catalog online,30.97,31,4,12.90%,0.24,0.96,Search
8n ford coil,0,2,0,0.00%,0,0,Search
oliver tractors parts,0,2,0,0.00%,0,0,Search
3020 john deere parts,0,11,0,0.00%,0,0,Search
ford tractor wiring harness,0,2,0,0.00%,0,0,Search
exhaust wheel on a tractor,0,3,0,0.00%,0,0,Search
1950 ford tractor parts,80,5,1,20.00%,0.4,0.4,Search
tca26131,0,4,0,0.00%,0,0,Search
allis chalmers wd engine rebuild kit,0,2,0,0.00%,0,0,Search
8n ford tune up kit,0,5,0,0.00%,0,0,Search
farmall h fan belt,0,5,0,0.00%,0,0,Search
ford tractor temperature gauge,0,3,0,0.00%,0,0,Search
ford baler needles,0,2,0,0.00%,0,0,Search
tractor clutches,0,4,0,0.00%,0,0,Search
farmall fuel cap,0,2,0,0.00%,0,0,Search
ford 8n muffler,0,3,0,0.00%,0,0,Search
john deere b rebuild kit,190,3,1,33.33%,0.57,0.57,Search
smitty's oliver tractor parts,0,7,0,0.00%,0,0,Search
farmall a radiator cap,0,2,0,0.00%,0,0,Search
tractor parts com,252,5,2,40.00%,0.63,1.26,Search
mccormick farmall cub tractor parts,0,2,0,0.00%,0,0,Search
lind brothers tractor parts,0,3,0,0.00%,0,0,Search
1954 ford tractor parts,632.5,4,2,50.00%,1.27,2.53,Search
ford 850 tractor parts,132.22,18,3,16.67%,0.79,2.38,Search
ford 501 pitman arm,0,7,0,0.00%,0,0,Search
ford 3400 tractor parts,241.82,11,3,27.27%,0.89,2.66,Search
farmall m carb kit,0,14,0,0.00%,0,0,Search
1950 massey ferguson tractor parts,0,2,0,0.00%,0,0,Search
international tractor parts,213.42,76,13,17.11%,1.25,16.22,Search
b john deere parts,600,6,4,66.67%,0.9,3.6,Search
antique tractor parts,308.03,61,19,31.15%,0.99,18.79,Search
john deere 60 clutch kit,128.57,7,1,14.29%,0.9,0.9,Search
starter for farmall cub tractor,0,2,0,0.00%,0,0,Search
ford 1715 tractor parts,0,3,0,0.00%,0,0,Search
john deere 8420 hood,200,2,1,50.00%,0.4,0.4,Search
messick's tractor parts,0,2,0,0.00%,0,0,Search
allis chalmers ca carburetor,0,3,0,0.00%,0,0,Search
ertl tractor parts contemporary manufacture,0,11,0,0.00%,0,0,Search
two cylinder tractor parts,0,2,0,0.00%,0,0,Search
ihc tractor parts,0,2,0,0.00%,0,0,Search
obsolete tractor parts warehouse,0,15,0,0.00%,0,0,Search
farmall cub tractor parts,185.71,28,10,35.71%,0.52,5.2,Search
ford 3000 muffler,374,5,1,20.00%,1.87,1.87,Search
farmall cub head,0,3,0,0.00%,0,0,Search
john deere 1010 water pump,0,3,0,0.00%,0,0,Search
oliver 520 baler parts,0,4,0,0.00%,0,0,Search
john deere a clutch,0,6,0,0.00%,0,0,Search
minneapolis moline g1000 parts,435,2,1,50.00%,0.87,0.87,Search
john deere 2140 parts,0,2,0,0.00%,0,0,Search
oliver 1550 parts,95,4,1,25.00%,0.38,0.38,Search
allis chalmers d17 parts,0,10,0,0.00%,0,0,Search
ae70115,0,2,0,0.00%,0,0,Search
international 384 parts,72.5,4,1,25.00%,0.29,0.29,Search
1955 massey harris tractor,0,7,0,0.00%,0,0,Search
1955 ford 600 tractor parts,0,2,0,0.00%,0,0,Search
farmall super m water pump,0,2,0,0.00%,0,0,Search
massey ferguson 451 parts,0,2,0,0.00%,0,0,Search
international 454 parts,0,3,0,0.00%,0,0,Search
ford golden jubilee tractor parts,0,2,0,0.00%,0,0,Search
allis chalmers wd muffler,0,3,0,0.00%,0,0,Search
ford 601 workmaster parts,0,4,0,0.00%,0,0,Search
farmall h 12v conversion,12.69,26,1,3.85%,0.33,0.33,Search
ford 8n carb kit,0,3,0,0.00%,0,0,Search
ar26721,1165,4,1,25.00%,4.66,4.66,Search
wico distributor parts,0,3,0,0.00%,0,0,Search
minneapolis moline tractor,0,27,0,0.00%,0,0,Search
international cub tractor parts,160,12,4,33.33%,0.48,1.92,Search
3038730m2,0,4,0,0.00%,0,0,Search
massey ferguson part number lookup,0,2,0,0.00%,0,0,Search
rochester propane gauge,0,2,0,0.00%,0,0,Search
john deere 60 carburetor kit,0,2,0,0.00%,0,0,Search
john deere front wheel bearing replacement,0,10,0,0.00%,0,0,Search
original john deere manuals original manuals,0,10,0,0.00%,0,0,Search
farmall governor rebuild,0,3,0,0.00%,0,0,Search
8n tractor parts,132,5,2,40.00%,0.33,0.66,Search
ford tractor parts online,27.1,31,2,6.45%,0.42,0.84,Search
farmall pre cleaner,0,2,0,0.00%,0,0,Search
john deere crankcase ventilation filter,0,6,0,0.00%,0,0,Search
alternator conversion harness,0,2,0,0.00%,0,0,Search
stinger tractor,0,5,0,0.00%,0,0,Search
minneapolis moline parts catalog,0,3,0,0.00%,0,0,Search
farmall 140 parts,95.71,21,6,28.57%,0.34,2.01,Search
pto cover,0,2,0,0.00%,0,0,Search
6.00 16 tractor tire,0,3,0,0.00%,0,0,Search
oliver tractor website,0,2,0,0.00%,0,0,Search
farmall m 12 volt conversion kit,0,10,0,0.00%,0,0,Search
d6nn3600b,0,2,0,0.00%,0,0,Search
farm tractor part,0,2,0,0.00%,0,0,Search
farmall m lp head,0,3,0,0.00%,0,0,Search
vintage massey ferguson tractor parts,70,2,1,50.00%,0.14,0.14,Search
radiator hoses coolant hoses,0,2,0,0.00%,0,0,Search
allis chalmers d17 parts,0,2,0,0.00%,0,0,Search
farmall 560 clutch,0,2,0,0.00%,0,0,Search
auc15342,0,2,0,0.00%,0,0,Search
tractor joe parts,0,5,0,0.00%,0,0,Search
john deere model b carburetor,0,10,0,0.00%,0,0,Search
jd9339,0,2,0,0.00%,0,0,Search
allis chalmers d15 series 2 parts,73.33,6,2,33.33%,0.22,0.44,Search
ford 7000 tractor parts,40,8,1,12.50%,0.32,0.32,Search
allis chalmers wd45 water pump,0,3,0,0.00%,0,0,Search
farmall a carburetor,0,12,0,0.00%,0,0,Search
395738a1,0,3,0,0.00%,0,0,Search
tractorjoe com,0,2,0,0.00%,0,0,Search
ford tractor license plate,0,3,0,0.00%,0,0,Search
massey furguson parts,0,2,0,0.00%,0,0,Search
farmall m gas cap,0,2,0,0.00%,0,0,Search
john deere 850 parts,0,7,0,0.00%,0,0,Search
john deere b block,0,2,0,0.00%,0,0,Search
al120028,0,2,0,0.00%,0,0,Search
tractor parts john deere,395,2,1,50.00%,0.79,0.79,Search
john deere d grill,0,3,0,0.00%,0,0,Search
am115139,0,3,0,0.00%,0,0,Search
allis chalmers water pump rebuild kit,0,2,0,0.00%,0,0,Search
1695444m91,0,2,0,0.00%,0,0,Search
case vac belt pulley,0,2,0,0.00%,0,0,Search
h farmall water pump,0,3,0,0.00%,0,0,Search
al113571,0,2,0,0.00%,0,0,Search
ford 800 tractor hood,130,3,1,33.33%,0.39,0.39,Search
ford 2n magneto,86.67,3,1,33.33%,0.26,0.26,Search
allis chalmers dozer parts,350,2,1,50.00%,0.7,0.7,Search
morel tractor parts,70,2,1,50.00%,0.14,0.14,Search
ford 9n tractor parts,144.78,113,21,18.58%,0.78,16.36,Search
8n tractor parts,216,45,11,24.44%,0.88,9.72,Search
yesterday's tractor parts reviews,0,2,0,0.00%,0,0,Search
john deere m tractor parts,405,2,1,50.00%,0.81,0.81,Search
720 john deere parts,0,2,0,0.00%,0,0,Search
ford 1710 parts,0,5,0,0.00%,0,0,Search
joe's tractor parts,326.67,3,2,66.67%,0.49,0.98,Search
john deere 4430 transmission pump,0,2,0,0.00%,0,0,Search
ford 8n grill,0,3,0,0.00%,0,0,Search
farmall 706 parts,0,4,0,0.00%,0,0,Search
allis chalmers hydraulic cylinder,0,2,0,0.00%,0,0,Search
lva16650,0,2,0,0.00%,0,0,Search
john deere parts price list,0,2,0,0.00%,0,0,Search
6256755m91,0,2,0,0.00%,0,0,Search
3581032m3,0,4,0,0.00%,0,0,Search
ar72996,0,3,0,0.00%,0,0,Search
1968 ford 3000 tractor parts,0,3,0,0.00%,0,0,Search
tractor parts massey,85,4,1,25.00%,0.34,0.34,Search
ford 4000 tractor parts,0,6,0,0.00%,0,0,Search
2600 ford tractor parts,316.67,6,1,16.67%,1.9,1.9,Search
massey harris 50 parts,196,5,1,20.00%,0.98,0.98,Search
ford 5000 power steering lines,0,2,0,0.00%,0,0,Search
850 ford tractor parts,297.5,8,1,12.50%,2.38,2.38,Search
old case tractor parts,365,2,1,50.00%,0.73,0.73,Search
1947 ford tractor parts,683.33,3,1,33.33%,2.05,2.05,Search
allis tractor parts,161.67,6,3,50.00%,0.32,0.97,Search
farmall 806,0,2,0,0.00%,0,0,Search
allis chalmers d17 tractor parts,0,2,0,0.00%,0,0,Search
tractor light switch,0,4,0,0.00%,0,0,Search
international 856 parts,100,5,2,40.00%,0.25,0.5,Search
allis chalmers wd points and condenser,0,6,0,0.00%,0,0,Search
ford 8n condenser,0,4,0,0.00%,0,0,Search
tsx 813 carburetor rebuild kit,0,4,0,0.00%,0,0,Search
farmall a hood,75,2,1,50.00%,0.15,0.15,Search
allis chalmers wd starter,0,3,0,0.00%,0,0,Search
ford 9n tune up kit,0,2,0,0.00%,0,0,Search
john deere l parts,0,7,0,0.00%,0,0,Search
john deere tractor parts,49.62,52,5,9.62%,0.52,2.58,Search
al179242,0,2,0,0.00%,0,0,Search
miu11490,0,2,0,0.00%,0,0,Search
185 cub lo boy parts,0,2,0,0.00%,0,0,Search
ford 8n hydraulic pump,0,3,0,0.00%,0,0,Search
ford 9n rebuild kit,0,2,0,0.00%,0,0,Search
cnh parts,167.78,9,1,11.11%,1.51,1.51,Search
1273112c91,0,3,0,0.00%,0,0,Search
standard 23c diesel engine parts,0,2,0,0.00%,0,0,Search
massey ferguson 65 parts,45.71,14,1,7.14%,0.64,0.64,Search
international 1066 parts,287.5,4,2,50.00%,0.58,1.15,Search
8n ford tractor engine rebuild kit,0,2,0,0.00%,0,0,Search
ford 8n pto shaft,0,4,0,0.00%,0,0,Search
allis chalmers wd45 tune up kit,130,3,1,33.33%,0.39,0.39,Search
rusty acres tractor parts,0,2,0,0.00%,0,0,Search
bf avery parts,0,2,0,0.00%,0,0,Search
6c190 55513,0,2,0,0.00%,0,0,Search
b9nn9425a,0,2,0,0.00%,0,0,Search
massey ferguson tractor parts,0,3,0,0.00%,0,0,Search
farmall a grille,1192.5,4,1,25.00%,4.77,4.77,Search
farmall m fuel line,275,4,1,25.00%,1.1,1.1,Search
8n ford tractor manifold,0,3,0,0.00%,0,0,Search
ford 8n parts catalog,0,4,0,0.00%,0,0,Search
1900 ford tractor parts,0,2,0,0.00%,0,0,Search
john deere moldboard plow parts,0,2,0,0.00%,0,0,Search
atlantic tractor parts,0,4,0,0.00%,0,0,Search
ih 184 parts,290,2,1,50.00%,0.58,0.58,Search
farmall h clutch,0,4,0,0.00%,0,0,Search
farmall 560 tractor parts,210,2,1,50.00%,0.42,0.42,Search
ford 8n shifter boot,0,4,0,0.00%,0,0,Search
john deere 70 fenders,0,4,0,0.00%,0,0,Search
4020 john deere parts,253.33,6,1,16.67%,1.52,1.52,Search
farmall h carb rebuild kit,0,6,0,0.00%,0,0,Search
ford 601 workmaster carburetor,0,6,0,0.00%,0,0,Search
ford 3550 tractor parts,0,7,0,0.00%,0,0,Search
ford 860 tractor parts,64.29,7,1,14.29%,0.45,0.45,Search
farmall h thermostat,397.5,4,1,25.00%,1.59,1.59,Search
john deere 2020 parts,391.82,11,3,27.27%,1.44,4.31,Search
mf 135 parts,45,4,1,25.00%,0.18,0.18,Search
ford 3000 alternator,0,2,0,0.00%,0,0,Search
john deere model a fuel tank,566.67,3,2,66.67%,0.85,1.7,Search
656 farmall parts,0,2,0,0.00%,0,0,Search
john deere d fenders,0,2,0,0.00%,0,0,Search
ford 1910 engine rebuild kit,0,6,0,0.00%,0,0,Search
maibach tractor parts,0,4,0,0.00%,0,0,Search
allis chalmers d19 parts,212.5,4,2,50.00%,0.43,0.85,Search
ford 8n rebuild kit,0,2,0,0.00%,0,0,Search
tractor parts direct,0,7,0,0.00%,0,0,Search
farmall b grill,0,2,0,0.00%,0,0,Search
huber tractor parts,0,2,0,0.00%,0,0,Search
oliver 1850 carburetor,0,2,0,0.00%,0,0,Search
kubota parts online,0,2,0,0.00%,0,0,Search
mccormick deering 10 20 parts,0,3,0,0.00%,0,0,Search
farmall 806 parts,233.75,8,1,12.50%,1.87,1.87,Search
massey ferguson 2705 parts,793.33,3,2,66.67%,1.19,2.38,Search
384368r12,0,6,0,0.00%,0,0,Search
international 504 parts,56.67,3,1,33.33%,0.17,0.17,Search
allis chalmers d17 hydraulic pump,0,2,0,0.00%,0,0,Search
ford 8n steering box rebuild kit,0,3,0,0.00%,0,0,Search
john deere 1010 parts,133.33,15,3,20.00%,0.67,2,Search
ford 2n air cleaner,0,2,0,0.00%,0,0,Search
international 454 tractor parts,52.5,4,1,25.00%,0.21,0.21,Search
farmall b carburetor,70.91,11,1,9.09%,0.78,0.78,Search
ford 8n valve cover gasket,0,2,0,0.00%,0,0,Search
black creek tractor parts,0,3,0,0.00%,0,0,Search
bf avery tractor parts,0,5,0,0.00%,0,0,Search
case vac fuel tank,0,2,0,0.00%,0,0,Search
1970 ford 3000 tractor parts,0,2,0,0.00%,0,0,Search
5015 allis chalmers parts,0,4,0,0.00%,0,0,Search
john deere tractor parts catalog,0,3,0,0.00%,0,0,Search
mccormick tractor parts,0,4,0,0.00%,0,0,Search
massey ferguson 165 parts,0,3,0,0.00%,0,0,Search
ford 2600 carburetor,0,2,0,0.00%,0,0,Search
ford 2n distributor,0,19,0,0.00%,0,0,Search
farmall cub fuel line,0,3,0,0.00%,0,0,Search
ford 8n steering wheel,0,4,0,0.00%,0,0,Search
farmall super c parts,185,4,2,50.00%,0.37,0.74,Search
john deere 60 clutch,0,5,0,0.00%,0,0,Search
carburetor for farmall cub,0,2,0,0.00%,0,0,Search
john deere 3020 hood,0,5,0,0.00%,0,0,Search
allis chalmers d17 engine rebuild kit,0,2,0,0.00%,0,0,Search
ford tractor coil,0,3,0,0.00%,0,0,Search
online tractor parts,0,4,0,0.00%,0,0,Search
massey harris 203,0,3,0,0.00%,0,0,Search
ford 8n fuel line,0,7,0,0.00%,0,0,Search
ford 4000 tractor exhaust,0,2,0,0.00%,0,0,Search
ford 3000 gas fuel pump,430,2,1,50.00%,0.86,0.86,Search
ford 9n muffler,705,2,1,50.00%,1.41,1.41,Search
231 massey ferguson parts,710,2,1,50.00%,1.42,1.42,Search
massey ferguson 35 hood,0,2,0,0.00%,0,0,Search
farmall h wheels,113.33,3,1,33.33%,0.34,0.34,Search
international 574 starter,0,2,0,0.00%,0,0,Search
pto shaft cover power take off parts,0,3,0,0.00%,0,0,Search
farmall parts catalog online,0,2,0,0.00%,0,0,Search
806 tractor,0,3,0,0.00%,0,0,Search
ford 8n accessories,0,3,0,0.00%,0,0,Search
ferguson tractor parts,59.29,28,3,10.71%,0.55,1.66,Search
farmall h belly pump,0,2,0,0.00%,0,0,Search
john deere 3010 water pump,162.5,4,1,25.00%,0.65,0.65,Search
abilene tractor parts,0,2,0,0.00%,0,0,Search
farmall f20 parts,93.33,15,2,13.33%,0.7,1.4,Search
allis chalmers antique tractor parts,295,2,1,50.00%,0.59,0.59,Search
1950 ford 8n tractor parts,0,2,0,0.00%,0,0,Search
square pto shaft power take off parts,0,2,0,0.00%,0,0,Search
john deere 3020 gas carburetor,0,4,0,0.00%,0,0,Search
allis chalmers 6080 parts,0,2,0,0.00%,0,0,Search
john deere d140 fuel line,0,2,0,0.00%,0,0,Search
1953 ford jubilee tractor parts,265,2,1,50.00%,0.53,0.53,Search
re502191,0,2,0,0.00%,0,0,Search
farmall 404 parts,46.67,3,1,33.33%,0.14,0.14,Search
old ford tractor parts,166.09,64,14,21.88%,0.76,10.63,Search
massey ferguson steering wheel,0,6,0,0.00%,0,0,Search
john deere 70 tractor parts,100,3,1,33.33%,0.3,0.3,Search
tractor parts mt airy nc,0,2,0,0.00%,0,0,Search
massey ferguson 35 accessories,0,2,0,0.00%,0,0,Search
yesterday's tractors parts massey ferguson,97.14,7,1,14.29%,0.68,0.68,Search
ford jubilee parts catalog,184.29,14,3,21.43%,0.86,2.58,Search
farmall m lights,0,3,0,0.00%,0,0,Search
john deere mt parts,69.05,21,3,14.29%,0.48,1.45,Search
uc18349,0,2,0,0.00%,0,0,Search
farmall h hydraulic pump rebuild kit,0,2,0,0.00%,0,0,Search
ih 234 tractor parts,0,3,0,0.00%,0,0,Search
farmall a carb,0,2,0,0.00%,0,0,Search
john deere h starter,0,4,0,0.00%,0,0,Search
ford tractor rear wheels,0,2,0,0.00%,0,0,Search
ih 574 parts,0,2,0,0.00%,0,0,Search
ford 1920 tractor wheels,0,2,0,0.00%,0,0,Search
tractor parts store,205,4,1,25.00%,0.82,0.82,Search
farmall super c carburetor rebuild kit,211.82,11,2,18.18%,1.17,2.33,Search
ford 640 tractor parts,145,14,3,21.43%,0.68,2.03,Search
tractor carburetors,0,3,0,0.00%,0,0,Search
farmall h starter rebuild kit,0,6,0,0.00%,0,0,Search
ford 7710 ac compressor,0,2,0,0.00%,0,0,Search
allis chalmers wc engine rebuild kit,0,2,0,0.00%,0,0,Search
john deere gp parts,0,11,0,0.00%,0,0,Search
4287013m3,0,3,0,0.00%,0,0,Search
ih 966 parts,1175,2,1,50.00%,2.35,2.35,Search
farmall cub muffler,0,12,0,0.00%,0,0,Search
784 international tractor parts,0,2,0,0.00%,0,0,Search
farmall 140 zenith carburetor,0,3,0,0.00%,0,0,Search
ford golden jubilee hydraulic pump,290,2,1,50.00%,0.58,0.58,Search
1210 ford tractor parts,335,6,2,33.33%,1.01,2.01,Search
john deere r parts,0,2,0,0.00%,0,0,Search
farmall m engine rebuild kit,0,2,0,0.00%,0,0,Search
tractor ignition switch,0,2,0,0.00%,0,0,Search
ih 1066 hydraulic valve rebuild kit,435,2,1,50.00%,0.87,0.87,Search
john deere l tractor parts,0,2,0,0.00%,0,0,Search
ford powermaster 801 parts,0,2,0,0.00%,0,0,Search
tractorparts com pdf,0,2,0,0.00%,0,0,Search
oliver pulling parts,0,5,0,0.00%,0,0,Search
antique case tractor parts,0,2,0,0.00%,0,0,Search
parts for a tractor,0,2,0,0.00%,0,0,Search
ford 3000 tractor parts,33.2,25,2,8.00%,0.42,0.83,Search
ford 201 disc parts,0,2,0,0.00%,0,0,Search
ford tractor body parts,165,2,1,50.00%,0.33,0.33,Search
parts for ford tractors,0,4,0,0.00%,0,0,Search
4610 ford tractor parts,0,5,0,0.00%,0,0,Search
vintage john deere parts,0,2,0,0.00%,0,0,Search
farmall cub clutch kit,61.25,8,1,12.50%,0.49,0.49,Search
oliver 55 tractor parts,0,2,0,0.00%,0,0,Search
international tractor lights,0,2,0,0.00%,0,0,Search
harry ferguson to20 parts,0,2,0,0.00%,0,0,Search
ford 801 powermaster carburetor,0,2,0,0.00%,0,0,Search
farm tractor repair parts,185.56,9,1,11.11%,1.67,1.67,Search
case 1370 parts,215,2,1,50.00%,0.43,0.43,Search
ford 5000 hydraulic pump,755,2,1,50.00%,1.51,1.51,Search
445 ford tractor parts,0,2,0,0.00%,0,0,Search
abilene tractor parts,252,5,1,20.00%,1.26,1.26,Search
vintage massey ferguson parts,167.5,4,1,25.00%,0.67,0.67,Search
mf parts,0,2,0,0.00%,0,0,Search
601 ford workmaster parts,510,4,1,25.00%,2.04,2.04,Search
ford 3000 tractor water pump,0,2,0,0.00%,0,0,Search
massey furgeson parts,105,2,1,50.00%,0.21,0.21,Search
ford 4000 head gasket,0,2,0,0.00%,0,0,Search
sloan express parts,0,5,0,0.00%,0,0,Search
obsolete ford tractor parts,0,3,0,0.00%,0,0,Search
farmall 350 carburetor,0,6,0,0.00%,0,0,Search
ford 8n clutch kit,88.57,14,2,14.29%,0.62,1.24,Search
john deere 2010 parts,70.67,15,2,13.33%,0.53,1.06,Search
june bug green tractor parts,0,2,0,0.00%,0,0,Search
massey ferguson 175 parts,0,2,0,0.00%,0,0,Search
ford 8n hydraulic pump rebuild kit,0,5,0,0.00%,0,0,Search
ford 5000 pto clutch,0,2,0,0.00%,0,0,Search
tisco tractor parts catalog,0,5,0,0.00%,0,0,Search
1953 ford jubilee tractor parts,0,2,0,0.00%,0,0,Search
oliver 55 parts,330,2,1,50.00%,0.66,0.66,Search
deutz allis 5215 parts,0,3,0,0.00%,0,0,Search
ford 8n sediment bowl,0,3,0,0.00%,0,0,Search
oliver 77 row crop parts,266.67,3,1,33.33%,0.8,0.8,Search
352376r92,758,5,1,20.00%,3.79,3.79,Search
tractor parts st johns mi,0,2,0,0.00%,0,0,Search
super a tractor parts,720,6,1,16.67%,4.32,4.32,Search
messicks tractor parts,190,8,1,12.50%,1.52,1.52,Search
farmall h exhaust manifold,0,4,0,0.00%,0,0,Search
8n parts,778,5,2,40.00%,1.95,3.89,Search
ford 8n shifter knob,0,2,0,0.00%,0,0,Search
ford 2n magneto,0,3,0,0.00%,0,0,Search
john deere b carburetor rebuild kit,0,6,0,0.00%,0,0,Search
case tractors parts,0,5,0,0.00%,0,0,Search
farmall cub carburetor rebuild kit,0,2,0,0.00%,0,0,Search
pto slip clutch rebuild kit,0,2,0,0.00%,0,0,Search
allis chalmers d12 parts,145,2,1,50.00%,0.29,0.29,Search
gleaner e parts,0,4,0,0.00%,0,0,Search
ford 8970 parts,0,2,0,0.00%,0,0,Search
precision tractor parts,190,4,1,25.00%,0.76,0.76,Search
sma tractor parts,0,3,0,0.00%,0,0,Search
m john deere parts,2285,2,1,50.00%,4.57,4.57,Search
tractor starters,160,5,1,20.00%,0.8,0.8,Search
ford 8n conversion kit,975,2,1,50.00%,1.95,1.95,Search
asap tractor parts,15.53,38,1,2.63%,0.59,0.59,Search
international 1086 parts,245,4,2,50.00%,0.49,0.98,Search
bearing shim,0,2,0,0.00%,0,0,Search
706 farmall parts,1215,2,1,50.00%,2.43,2.43,Search
oliver 88,0,15,0,0.00%,0,0,Search
john deere drawbar pin,0,3,0,0.00%,0,0,Search
shift tower,0,3,0,0.00%,0,0,Search
john deere manuals,0,5,0,0.00%,0,0,Search
wico c magneto,0,10,0,0.00%,0,0,Search
allis chalmers tractor parts,40.63,16,2,12.50%,0.33,0.65,Search
power steering flow control valve,0,2,0,0.00%,0,0,Search
tractor clutch,0,2,0,0.00%,0,0,Search
tractor decals,128,5,1,20.00%,0.64,0.64,Search
farmall a sediment bowl,0,7,0,0.00%,0,0,Search
agkits,0,15,0,0.00%,0,0,Search
tractor glow plug,0,2,0,0.00%,0,0,Search
at13381,0,2,0,0.00%,0,0,Search
re54427,0,3,0,0.00%,0,0,Search
allis chalmers zenith carburetor,0,3,0,0.00%,0,0,Search
ford tractor sherman transmission,0,5,0,0.00%,0,0,Search
john deere 420 carburetor,0,2,0,0.00%,0,0,Search
ferguson te20 starter,0,4,0,0.00%,0,0,Search
john deere scv valves,0,3,0,0.00%,0,0,Search
allis chalmers tractor,14.71,70,1,1.43%,1.03,1.03,Search
john deere a head gasket installation,0,2,0,0.00%,0,0,Search
farmall m muffler,0,3,0,0.00%,0,0,Search
worthington tractor parts,0,11,0,0.00%,0,0,Search
harris tractor,0,2,0,0.00%,0,0,Search
international 1486 parts,0,2,0,0.00%,0,0,Search
john deere g distributor,0,2,0,0.00%,0,0,Search
marvel schebler carburetor manual,57.5,4,1,25.00%,0.23,0.23,Search
replace front crankshaft oil seal,0,4,0,0.00%,0,0,Search
antique tractor supply,0,2,0,0.00%,0,0,Search
ferguson te 20,0,2,0,0.00%,0,0,Search
oliver tractors oliver tractors,0,4,0,0.00%,0,0,Search
farmall m water pump,0,2,0,0.00%,0,0,Search
john deere a clutch adjustment,0,2,0,0.00%,0,0,Search
farmall h repair manual,0,4,0,0.00%,0,0,Search
zenith carburetor 14996a rebuild kit,2063.33,3,1,33.33%,6.19,6.19,Search
ih 574 parts,0,4,0,0.00%,0,0,Search
zenith carb float,0,2,0,0.00%,0,0,Search
super a farmall parts,197.5,4,1,25.00%,0.79,0.79,Search
9n ford tractor carburetor,0,3,0,0.00%,0,0,Search
ih parts and equipment,0,2,0,0.00%,0,0,Search
farmall 340 parts,0,4,0,0.00%,0,0,Search
international harvester cub tractor parts,0,5,0,0.00%,0,0,Search
ford 4000 parts,43.33,3,1,33.33%,0.13,0.13,Search
jd1268r,0,5,0,0.00%,0,0,Search
1948 ford 8n tractor manual,0,4,0,0.00%,0,0,Search
pto overrun clutch,0,4,0,0.00%,0,0,Search
1066 ih parts,0,2,0,0.00%,0,0,Search
ih 340 utility tractor parts,0,10,0,0.00%,0,0,Search
john deere m carburetor kit,1040,2,1,50.00%,2.08,2.08,Search
4020 parts,96.67,6,1,16.67%,0.58,0.58,Search
farmall h fuel sediment bowl,390,2,1,50.00%,0.78,0.78,Search
2n ford parts,0,2,0,0.00%,0,0,Search
case model d tractor parts,0,3,0,0.00%,0,0,Search
old tractors parts,100,3,1,33.33%,0.3,0.3,Search
john deere a parts catalog,323.33,3,1,33.33%,0.97,0.97,Search
ferguson to35 parts,0,3,0,0.00%,0,0,Search
ford diesel tractor parts,363.33,3,2,66.67%,0.55,1.09,Search
1447384m1,0,3,0,0.00%,0,0,Search
e1nn3n503bc,0,3,0,0.00%,0,0,Search
707166m92,0,2,0,0.00%,0,0,Search
international tractor parts,90,9,2,22.22%,0.41,0.81,Search
antique tractor seat,0,4,0,0.00%,0,0,Search
tracktor parts,0,2,0,0.00%,0,0,Search
hy capacity tractor parts,0,3,0,0.00%,0,0,Search
international tractor clutch replacement,0,2,0,0.00%,0,0,Search
239938a8,0,2,0,0.00%,0,0,Search
farmall h piston,0,2,0,0.00%,0,0,Search
john deere 110 round fender parts,0,2,0,0.00%,0,0,Search
ford 8n brake kit,0,2,0,0.00%,0,0,Search
ford 800 power steering,0,2,0,0.00%,0,0,Search
2 cylinder tractor parts,133.33,3,1,33.33%,0.4,0.4,Search
ford 3600 alternator,0,2,0,0.00%,0,0,Search
mccormick deering 10 20 magneto,0,2,0,0.00%,0,0,Search
ford 8n tractor headlights,0,3,0,0.00%,0,0,Search
john deere 990 tractor parts,0,2,0,0.00%,0,0,Search
9n parts,210,4,1,25.00%,0.84,0.84,Search
farmall m power steering conversion,330,2,1,50.00%,0.66,0.66,Search
farmall super a head gasket,0,2,0,0.00%,0,0,Search
tr109398,0,2,0,0.00%,0,0,Search
farmall h gas cap,0,5,0,0.00%,0,0,Search
re24897,0,2,0,0.00%,0,0,Search
1947 ford 8n tractor parts,320,2,1,50.00%,0.64,0.64,Search
cfpn3301c,0,2,0,0.00%,0,0,Search
pto shafts,0,2,0,0.00%,0,0,Search
farmall super mta parts,420,3,1,33.33%,1.26,1.26,Search
farmall h parts,170.61,66,13,19.70%,0.87,11.26,Search
john deere 70 diesel parts,0,3,0,0.00%,0,0,Search
farmall tractor seat,0,3,0,0.00%,0,0,Search
farmall m clutch replacement,0,3,0,0.00%,0,0,Search
where to buy allis chalmers tractor parts,0,4,0,0.00%,0,0,Search
massey harris 44 manifold,0,4,0,0.00%,0,0,Search
case 380 tractor parts,110,2,1,50.00%,0.22,0.22,Search
1955 ford 600 tractor parts,0,3,0,0.00%,0,0,Search
john deere 730 parts,0,3,0,0.00%,0,0,Search
ch13187,0,3,0,0.00%,0,0,Search
john deere 60 carburetor,715,6,3,50.00%,1.43,4.29,Search
r18030620,0,2,0,0.00%,0,0,Search
john deere 40 parts catalog,0,2,0,0.00%,0,0,Search
massey ferguson 50 tractor,0,4,0,0.00%,0,0,Search
2840 john deere parts,0,2,0,0.00%,0,0,Search
international 560 power steering pump,0,3,0,0.00%,0,0,Search
251234r94,0,2,0,0.00%,0,0,Search
cub lo boy 154 parts,111.11,9,2,22.22%,0.5,1,Search
ford 6700 tractor parts,0,3,0,0.00%,0,0,Search
john deere model a carburetor,242.73,11,1,9.09%,2.67,2.67,Search
ford 9n clutch,0,3,0,0.00%,0,0,Search
valu bilt tractor parts catalog,0,11,0,0.00%,0,0,Search
case 2294 parts,0,5,0,0.00%,0,0,Search
8n ford tractor parts near me,0,3,0,0.00%,0,0,Search
275 massey ferguson parts,75,2,1,50.00%,0.15,0.15,Search
international 560 tractor parts,0,2,0,0.00%,0,0,Search
massey harris 44,0,13,0,0.00%,0,0,Search
farmall 806 seat,0,2,0,0.00%,0,0,Search
farm tractor wheel,0,2,0,0.00%,0,0,Search
9n ford tractor parts amazon,0,4,0,0.00%,0,0,Search
ford 4000 tractor carburetor,345,2,1,50.00%,0.69,0.69,Search
ih parts lookup,0,6,0,0.00%,0,0,Search
ca allis chalmers parts,245,2,1,50.00%,0.49,0.49,Search
farmall 300 carburetor,0,10,0,0.00%,0,0,Search
ford 2910 tractor parts,225,2,1,50.00%,0.45,0.45,Search
886796m92,280,2,2,100.00%,0.28,0.56,Search
farmall 806 specs,0,2,0,0.00%,0,0,Search
farmall cub sediment bowl,0,2,0,0.00%,0,0,Search
john deere 730 power steering parts,0,2,0,0.00%,0,0,Search
ford 601 workmaster carburetor rebuild kit,0,2,0,0.00%,0,0,Search
wd45 starter,432,5,2,40.00%,1.08,2.16,Search
allis chalmers g parts,0,3,0,0.00%,0,0,Search
farmall 130 parts,0,2,0,0.00%,0,0,Search
ford 800 tractor hydraulics,0,7,0,0.00%,0,0,Search
ford 850 tractor parts,0,2,0,0.00%,0,0,Search
case international tractor parts,0,3,0,0.00%,0,0,Search
tractor pulling parts,0,4,0,0.00%,0,0,Search
john deere b parts,166.67,3,1,33.33%,0.5,0.5,Search
ih 300 utility parts,1146,5,3,60.00%,1.91,5.73,Search
ag parts online,0,4,0,0.00%,0,0,Search
minneapolis moline grain drill parts,0,4,0,0.00%,0,0,Search
crankshaft seal,0,3,0,0.00%,0,0,Search
how to rebuild a zenith carburetor,0,4,0,0.00%,0,0,Search
bootheel tractor parts,0,3,0,0.00%,0,0,Search
9n ford tractor parts,44,5,1,20.00%,0.22,0.22,Search
re550906,0,3,0,0.00%,0,0,Search
massey ferguson parts lookup,24,20,2,10.00%,0.24,0.48,Search
ford jubilee parts,78.08,26,4,15.38%,0.51,2.03,Search
allis c tractor,0,4,0,0.00%,0,0,Search
massey ferguson 231s parts,0,2,0,0.00%,0,0,Search
farmall cub 6 volt to 12 volt conversion,0,2,0,0.00%,0,0,Search
john deere 60 water pump,0,2,0,0.00%,0,0,Search
756 international tractor parts,335,2,1,50.00%,0.67,0.67,Search
sediment bulb,0,5,0,0.00%,0,0,Search
minneapolis moline r,0,2,0,0.00%,0,0,Search
carter carburetor parts,0,9,0,0.00%,0,0,Search
1953 ford jubilee tractor parts,199.47,19,3,15.79%,1.26,3.79,Search
181679m1,0,5,0,0.00%,0,0,Search
ford tractor rear axle seal replacement,0,2,0,0.00%,0,0,Search
marvel schebler carburetor parts,0,7,0,0.00%,0,0,Search
international harvester tractor,28.66,82,7,8.54%,0.34,2.35,Search
zenith carb parts,445,2,1,50.00%,0.89,0.89,Search
ford 850 tractor parts,0,3,0,0.00%,0,0,Search
devons tractor parts,0,5,0,0.00%,0,0,Search
tractor muffler rain cap exhausts,0,2,0,0.00%,0,0,Search
jds660,0,2,0,0.00%,0,0,Search
tractor split stand,0,4,0,0.00%,0,0,Search
ford 8n bumper,0,12,0,0.00%,0,0,Search
marvel schebler tractor carburetor,0,3,0,0.00%,0,0,Search
766 international tractor parts,0,2,0,0.00%,0,0,Search
john deere thermostat replacement,0,3,0,0.00%,0,0,Search
ford 8n tractor,0,2,0,0.00%,0,0,Search
ihc tractor parts,368.75,8,4,50.00%,0.74,2.95,Search
stewart warner sender,0,2,0,0.00%,0,0,Search
farmall 504 parts,0,6,0,0.00%,0,0,Search
massey ferguson parts manual,0,2,0,0.00%,0,0,Search
john deere a head gasket,220,4,1,25.00%,0.88,0.88,Search
560 farmall,0,2,0,0.00%,0,0,Search
h farmall decals,0,2,0,0.00%,0,0,Search
old john deere tractors,0,10,0,0.00%,0,0,Search
farmall md parts,690,2,1,50.00%,1.38,1.38,Search
coolant hose coolant hoses,0,2,0,0.00%,0,0,Search
massey ferguson 231 tractor parts,123.33,6,2,33.33%,0.37,0.74,Search
wico x magneto,57.5,24,2,8.33%,0.69,1.38,Search
farmall 100 parts,132.5,4,1,25.00%,0.53,0.53,Search
a&i tractor parts,0,2,0,0.00%,0,0,Search
farmall cub parts,203.29,70,15,21.43%,0.95,14.23,Search
allis chalmers model c,0,5,0,0.00%,0,0,Search
minneapolis moline sign minneapolis moline,0,3,0,0.00%,0,0,Search
cub lo boy parts,0,7,0,0.00%,0,0,Search
ford 5000 stickers,0,2,0,0.00%,0,0,Search
farmall f20 fenders,0,2,0,0.00%,0,0,Search
massey ferguson 1240 parts,440,2,2,100.00%,0.44,0.88,Search
marvel schebler carburetors,0,2,0,0.00%,0,0,Search
flanged exhaust pipe,0,2,0,0.00%,0,0,Search
ford sherman transmission,0,5,0,0.00%,0,0,Search
ih parts online,0,3,0,0.00%,0,0,Search
tractor ferguson,0,2,0,0.00%,0,0,Search
international a tractor,0,8,0,0.00%,0,0,Search
al110874,0,3,0,0.00%,0,0,Search
ford 2000 carburetor,0,7,0,0.00%,0,0,Search
massey ferguson 65 parts,128,5,1,20.00%,0.64,0.64,Search
ford 8n clutch,0,5,0,0.00%,0,0,Search
farmall cub seat,0,3,0,0.00%,0,0,Search
john deere a performance parts,50,4,1,25.00%,0.2,0.2,Search
allis chalmers parts dealer,0,2,0,0.00%,0,0,Search
farmall b radiator,0,4,0,0.00%,0,0,Search
ford tractor parts lookup,32.31,26,1,3.85%,0.84,0.84,Search
re52454,0,3,0,0.00%,0,0,Search
john deere tractor parts catalog,0,2,0,0.00%,0,0,Search
8 n parts,0,2,0,0.00%,0,0,Search
farmall super a coil,0,3,0,0.00%,0,0,Search
ford 1210 tractor parts,0,2,0,0.00%,0,0,Search
ihc tractor parts,192,5,2,40.00%,0.48,0.96,Search
wd45 carb kit,0,3,0,0.00%,0,0,Search
farmall super c engine block,0,3,0,0.00%,0,0,Search
parts for 8n ford tractor,260,6,2,33.33%,0.78,1.56,Search
k7571 91320,0,2,0,0.00%,0,0,Search
massey ferguson 471 parts,195,2,1,50.00%,0.39,0.39,Search
international 656 parts,0,3,0,0.00%,0,0,Search
john deere b manifold,0,8,0,0.00%,0,0,Search
ford 641 parts,47.14,7,1,14.29%,0.33,0.33,Search
massey ferguson 231 parts,0,2,0,0.00%,0,0,Search
allis chalmers d 15 parts,0,2,0,0.00%,0,0,Search
390460s,0,4,0,0.00%,0,0,Search
ford 801 powermaster carburetor rebuild kit,0,4,0,0.00%,0,0,Search
ford naa radiator,282,5,1,20.00%,1.41,1.41,Search
john deere 420 tractor parts,137.5,8,1,12.50%,1.1,1.1,Search
farmall 560 brakes,0,2,0,0.00%,0,0,Search
john deere 50 starter,46.67,6,1,16.67%,0.28,0.28,Search
h farmall starter,0,2,0,0.00%,0,0,Search
ar26706,0,3,0,0.00%,0,0,Search
john deere model a pistons,0,2,0,0.00%,0,0,Search
ford 9n fenders,0,2,0,0.00%,0,0,Search
tractor joe parts,20,33,1,3.03%,0.66,0.66,Search
mf 35 parts,61.25,16,2,12.50%,0.49,0.98,Search
canopy for 8n ford tractor,0,2,0,0.00%,0,0,Search
massey ferguson 165 power steering lines,0,2,0,0.00%,0,0,Search
ford 8n resistor block,0,2,0,0.00%,0,0,Search
ford 1110 parts,0,3,0,0.00%,0,0,Search
ford 8n radiator hose,0,2,0,0.00%,0,0,Search
1949 ford 8n tractor distributor,0,3,0,0.00%,0,0,Search
old farm tractor parts,773.33,3,2,66.67%,1.16,2.32,Search
john deere mt parts,39.09,11,1,9.09%,0.43,0.43,Search
170 allis chalmers parts,70,4,1,25.00%,0.28,0.28,Search
ford 3400 starter,0,2,0,0.00%,0,0,Search
tractor part finder,0,2,0,0.00%,0,0,Search
1952 ford 8n tractor parts,516.67,3,1,33.33%,1.55,1.55,Search
minneapolis moline u carburetor,80,5,1,20.00%,0.4,0.4,Search
new parts for old tractors,377.5,8,4,50.00%,0.76,3.02,Search
john deere d parts,82.86,14,2,14.29%,0.58,1.16,Search
8n front mount distributor,0,2,0,0.00%,0,0,Search
massey ferguson fe35 parts,0,2,0,0.00%,0,0,Search
am147175,0,2,0,0.00%,0,0,Search
farmall 140 tune up kit,976.67,3,1,33.33%,2.93,2.93,Search
e8nn7231aa,0,2,0,0.00%,0,0,Search
john deere pony motor parts,0,4,0,0.00%,0,0,Search
massey ferguson 230 parts,0,2,0,0.00%,0,0,Search
minneapolis moline m602 parts,0,2,0,0.00%,0,0,Search
ford 9n oil pump,0,2,0,0.00%,0,0,Search
farm tractor repair parts,0,2,0,0.00%,0,0,Search
rebel tractor parts inc hazlehurst ga,50,5,1,20.00%,0.25,0.25,Search
ford tractor 4000 parts,0,3,0,0.00%,0,0,Search
farmall a oil pan,0,3,0,0.00%,0,0,Search
ford 2n radiator,93,10,2,20.00%,0.47,0.93,Search
allis chalmers d17 hydraulic filter,0,2,0,0.00%,0,0,Search
farmall 706 carburetor,16.15,13,1,7.69%,0.21,0.21,Search
ford 2000 tractor carburetor,330,4,1,25.00%,1.32,1.32,Search
ford 801 carburetor,0,2,0,0.00%,0,0,Search
john deere 4010 fenders,0,3,0,0.00%,0,0,Search
ford 850 tractor parts,135,8,2,25.00%,0.54,1.08,Search
ford 4400 parts,93.33,3,1,33.33%,0.28,0.28,Search
wd45 allis chalmers parts,0,4,0,0.00%,0,0,Search
ford naa hydraulic pump,0,2,0,0.00%,0,0,Search
farmall h engine rebuild kit,101.82,11,1,9.09%,1.12,1.12,Search
john deere 720 parts,897.14,7,5,71.43%,1.26,6.28,Search
case dc parts,215,2,1,50.00%,0.43,0.43,Search
valve spring retainer keeper,0,3,0,0.00%,0,0,Search
farmall c distributor,325,2,1,50.00%,0.65,0.65,Search
case tractor restoration parts,73.33,3,1,33.33%,0.22,0.22,Search
just 8n tractor parts,0,2,0,0.00%,0,0,Search
tractor repair manuals,0,2,0,0.00%,0,0,Search
ih 354 tractor parts,0,3,0,0.00%,0,0,Search
piston wrist pin,0,2,0,0.00%,0,0,Search
antique tractor com,0,4,0,0.00%,0,0,Search
806 international parts,275,6,2,33.33%,0.83,1.65,Search
ih tractor,0,2,0,0.00%,0,0,Search
carter model n carburetor rebuild kit,0,7,0,0.00%,0,0,Search
john deere clutch adjustment,0,2,0,0.00%,0,0,Search
lower radiator hose coolant hoses,0,9,0,0.00%,0,0,Search
international torque amplifier,0,2,0,0.00%,0,0,Search
water pump housing gasket,0,2,0,0.00%,0,0,Search
john deere 100 series ignition switch,0,3,0,0.00%,0,0,Search
farm tractor parts,0,2,0,0.00%,0,0,Search
international exhaust manifold,0,3,0,0.00%,0,0,Search
farmall 560,6.11,36,1,2.78%,0.22,0.22,Search
clutch pivot bolt,0,3,0,0.00%,0,0,Search
exhaust flange donut gasket,0,2,0,0.00%,0,0,Search
massey ferguson tractor restoration,0,2,0,0.00%,0,0,Search
farmall cub pto shaft,0,2,0,0.00%,0,0,Search
ford 8n head,0,2,0,0.00%,0,0,Search
bates international tractor parts,0,8,0,0.00%,0,0,Search
massey ferguson 135 parts,26.88,16,1,6.25%,0.43,0.43,Search
john deere b stack,0,2,0,0.00%,0,0,Search
restored john deere,0,3,0,0.00%,0,0,Search
international farmall cub tractor parts,502.5,4,2,50.00%,1.01,2.01,Search
ar86595,0,3,0,0.00%,0,0,Search
farm parts store,0,6,0,0.00%,0,0,Search
allis chalmers dealer,0,2,0,0.00%,0,0,Search
allis chalmers sign allis chalmers,0,29,0,0.00%,0,0,Search
1972 international harvester 454 tractor parts,0,2,0,0.00%,0,0,Search
ferguson 35 tractor parts,0,5,0,0.00%,0,0,Search
shock bolt,0,2,0,0.00%,0,0,Search
restoring tractors,0,2,0,0.00%,0,0,Search
ford 601 carburetor kit,0,2,0,0.00%,0,0,Search
oliver 550 drawbar,0,2,0,0.00%,0,0,Search
104753a1,0,2,0,0.00%,0,0,Search
ford tractor rops,340,3,1,33.33%,1.02,1.02,Search
farmall m head,0,3,0,0.00%,0,0,Search
massey ferguson 302 parts,0,2,0,0.00%,0,0,Search
ford 801 powermaster carburetor,0,3,0,0.00%,0,0,Search
k918611,0,2,0,0.00%,0,0,Search
ar94661,935,2,1,50.00%,1.87,1.87,Search
194621m1,0,2,0,0.00%,0,0,Search
ferguson tractor parts,312.22,9,3,33.33%,0.94,2.81,Search
international 444 tractor parts,0,2,0,0.00%,0,0,Search
international farmall cub tractor parts,0,3,0,0.00%,0,0,Search
8n steering box rebuild kit,0,2,0,0.00%,0,0,Search
1940 9n ford tractor parts,0,5,0,0.00%,0,0,Search
ford tractor parts dealer near me,0,2,0,0.00%,0,0,Search
antique tractor parts near me,0,8,0,0.00%,0,0,Search
international tractor parts catalog,0,5,0,0.00%,0,0,Search
stevens tractor parts,0,11,0,0.00%,0,0,Search
sharps tractor parts,0,3,0,0.00%,0,0,Search
ford 8n drawbar,0,2,0,0.00%,0,0,Search
ferguson tractors parts,0,2,0,0.00%,0,0,Search
allis chalmers d15 starter,0,2,0,0.00%,0,0,Search
ford 841 powermaster parts,0,2,0,0.00%,0,0,Search
9n ford tractor carburetor,112.86,7,1,14.29%,0.79,0.79,Search
rock island tractor seat,0,2,0,0.00%,0,0,Search
ford 601 workmaster carburetor,0,3,0,0.00%,0,0,Search
international cub 154 lo boy tractor parts,0,3,0,0.00%,0,0,Search
john deere 4050 parts,0,2,0,0.00%,0,0,Search
1973 ford 2000 tractor parts,147.5,4,1,25.00%,0.59,0.59,Search
case international parts,76.25,8,1,12.50%,0.61,0.61,Search
case 830 comfort king parts,0,2,0,0.00%,0,0,Search
yesterday&amp 39 s tractor parts,0,5,0,0.00%,0,0,Search
john deere 730 clutch,200,3,1,33.33%,0.6,0.6,Search
john deere 3020 zenith carburetor,0,2,0,0.00%,0,0,Search
ag tractor parts,635,2,1,50.00%,1.27,1.27,Search
ford 5000 exhaust manifold,0,2,0,0.00%,0,0,Search
ag parts express,0,2,0,0.00%,0,0,Search
ford 8n hood with script,176.67,3,1,33.33%,0.53,0.53,Search
cub lo boy parts,0,6,0,0.00%,0,0,Search
power take off parts for hesston hesston power take off parts,0,2,0,0.00%,0,0,Search
oliver 88 side panels,0,2,0,0.00%,0,0,Search
ford 600 distributor,800,2,2,100.00%,0.8,1.6,Search
international cub carburetor kit,0,2,0,0.00%,0,0,Search
farmall super a carburetor,135.45,11,1,9.09%,1.49,1.49,Search
oliver tractor grill,0,6,0,0.00%,0,0,Search
old metal tractor seats,0,2,0,0.00%,0,0,Search
allis chalmers d14 parts,0,4,0,0.00%,0,0,Search
farmall h distributor cap,0,3,0,0.00%,0,0,Search
allis chalmer tractor parts,0,2,0,0.00%,0,0,Search
1953 ford jubilee parts,0,4,0,0.00%,0,0,Search
old tractor parts catalog,77.27,11,3,27.27%,0.28,0.85,Search
ferguson to30 radiator,0,2,0,0.00%,0,0,Search
farmall cub overhaul kit,0,2,0,0.00%,0,0,Search
john deere 953 wagon parts,0,2,0,0.00%,0,0,Search
farmall h lights,0,7,0,0.00%,0,0,Search
farmall h clutch replacement,0,2,0,0.00%,0,0,Search
ford tracter parts,0,3,0,0.00%,0,0,Search
antique jd tractor parts,127.5,4,1,25.00%,0.51,0.51,Search
moline tractor parts,430,2,1,50.00%,0.86,0.86,Search
tractor parts john deere,0,2,0,0.00%,0,0,Search
white tractor parts,0,5,0,0.00%,0,0,Search
ford 800 parts,91.25,8,1,12.50%,0.73,0.73,Search
wisconsin tractor parts,0,4,0,0.00%,0,0,Search
ford 801 carburetor,395,4,2,50.00%,0.79,1.58,Search
john deere model h parts,998,5,2,40.00%,2.5,4.99,Search
allis chalmers 5050 parts,0,2,0,0.00%,0,0,Search
re169008,0,3,0,0.00%,0,0,Search
1963 ford 2000 tractor parts,36.67,6,1,16.67%,0.22,0.22,Search
john deere 4430 gauge cluster,0,2,0,0.00%,0,0,Search
ford 801 carburetor,0,2,0,0.00%,0,0,Search
oliver manure spreader parts,0,4,0,0.00%,0,0,Search
international harvester 444,0,21,0,0.00%,0,0,Search
case tractor parts near me,0,6,0,0.00%,0,0,Search
farmall 400 parts,200,3,1,33.33%,0.6,0.6,Search
ford 3000 tractor carburetor,0,2,0,0.00%,0,0,Search
m farmall carburetor,0,2,0,0.00%,0,0,Search
vintage tractor headlights,0,2,0,0.00%,0,0,Search
ford 2n carburetor,0,5,0,0.00%,0,0,Search
oliver super 55 tractor parts,145,4,1,25.00%,0.58,0.58,Search
guide tractor light,0,2,0,0.00%,0,0,Search
3800350m91,420,2,1,50.00%,0.84,0.84,Search
parts for farmall tractors,0,4,0,0.00%,0,0,Search
1953 ford jubilee radiator,0,4,0,0.00%,0,0,Search
ford 3000 tractor muffler,0,2,0,0.00%,0,0,Search
john deere a parts,173.61,36,9,25.00%,0.69,6.25,Search
ford 8n carburetor rebuild kit,0,8,0,0.00%,0,0,Search
70112c93,0,2,0,0.00%,0,0,Search
ford 2n parts,0,2,0,0.00%,0,0,Search
antique john deere parts,126.88,16,3,18.75%,0.68,2.03,Search
farmall m sediment bowl,417.5,4,1,25.00%,1.67,1.67,Search
ford 6610 parts,0,3,0,0.00%,0,0,Search
jdparts com,0,2,0,0.00%,0,0,Search
massey harris 22 water pump,0,2,0,0.00%,0,0,Search
farmall super c rebuild kit,0,5,0,0.00%,0,0,Search
massey harris 44 starter,235,2,1,50.00%,0.47,0.47,Search
wico x magneto rebuild kit,0,2,0,0.00%,0,0,Search
massey ferguson 50e parts,0,3,0,0.00%,0,0,Search
fordson tractor parts,147.14,7,1,14.29%,1.03,1.03,Search
farmall h fenders,94.55,11,1,9.09%,1.04,1.04,Search
ford 8n tractor cover,0,2,0,0.00%,0,0,Search
ford naa carburetor,0,2,0,0.00%,0,0,Search
ford 5000 tractor parts,0,4,0,0.00%,0,0,Search
jd 50 parts,0,2,0,0.00%,0,0,Search
ford 2000 tractor parts catalog,0,6,0,0.00%,0,0,Search
john deere 50 parts,0,2,0,0.00%,0,0,Search
parts for farmall h,333.33,3,2,66.67%,0.5,1,Search
massey ferguson old tractor parts,0,3,0,0.00%,0,0,Search
601 workmaster parts,68.75,8,1,12.50%,0.55,0.55,Search
farmall h ignition switch,136.67,6,1,16.67%,0.82,0.82,Search
ford 9n head gasket,0,2,0,0.00%,0,0,Search
massey ferguson tractor parts online,115.38,13,3,23.08%,0.5,1.5,Search
farmall h magneto,455,6,3,50.00%,0.91,2.73,Search
jd 60 parts,285,2,1,50.00%,0.57,0.57,Search
john deere 2630 tractor parts,0,3,0,0.00%,0,0,Search
farmall h tractor parts,90,13,1,7.69%,1.17,1.17,Search
ford 6000 tractor parts,0,4,0,0.00%,0,0,Search
1682767m91,0,2,0,0.00%,0,0,Search
john deere 50 distributor,0,2,0,0.00%,0,0,Search
tractor parts for massey ferguson,155,2,1,50.00%,0.31,0.31,Search
allis chalmers wd parts,132.5,8,2,25.00%,0.53,1.06,Search
farmall w9 carburetor,0,2,0,0.00%,0,0,Search
ford 8n exhaust pipe,0,2,0,0.00%,0,0,Search
john deere 2 cylinder performance parts,0,2,0,0.00%,0,0,Search
farmall steering wheel,0,3,0,0.00%,0,0,Search
farmall h seat,128,5,1,20.00%,0.64,0.64,Search
194621m1,0,2,0,0.00%,0,0,Search
ih 1486 parts,0,2,0,0.00%,0,0,Search
john deere 2040 parts,35.45,11,1,9.09%,0.39,0.39,Search
farmall h drawbar,0,3,0,0.00%,0,0,Search
464 international tractor fuel tank,433.33,3,2,66.67%,0.65,1.3,Search
farmall h fenders,17.37,19,1,5.26%,0.33,0.33,Search
ford 2000 tractor fenders,0,3,0,0.00%,0,0,Search
ford 8n tractor starter,0,2,0,0.00%,0,0,Search
3699800m2,0,2,0,0.00%,0,0,Search
john deere 1010 engine rebuild kit,0,2,0,0.00%,0,0,Search
5000 ford tractor parts,41.11,9,1,11.11%,0.37,0.37,Search
allis chalmers wc parts,0,4,0,0.00%,0,0,Search
allis chalmers u parts,0,3,0,0.00%,0,0,Search
farmall m starter,295,22,4,18.18%,1.62,6.49,Search
al30338,553.33,3,1,33.33%,1.66,1.66,Search
parts for ford 2000 tractor,0,3,0,0.00%,0,0,Search
ford tractor parts dealer,54.29,7,1,14.29%,0.38,0.38,Search
allis chalmers 200 parts,70,11,1,9.09%,0.77,0.77,Search
ford 1200 parts,0,3,0,0.00%,0,0,Search
ford 8n plug wires,490,5,2,40.00%,1.23,2.45,Search
ehpn3301a,0,2,0,0.00%,0,0,Search
massey ferguson 135 parts,0,3,0,0.00%,0,0,Search
ford 3500 tractor parts,141.33,15,2,13.33%,1.06,2.12,Search
1695444m91,0,2,0,0.00%,0,0,Search
john deere parts online,0,6,0,0.00%,0,0,Search
allis chalmers wd carburetor,0,2,0,0.00%,0,0,Search
john deere 2010 carburetor,0,2,0,0.00%,0,0,Search
minneapolis moline parts catalog,0,3,0,0.00%,0,0,Search
alice chalmers parts,0,2,0,0.00%,0,0,Search
e0nna932ab,0,2,0,0.00%,0,0,Search
john deere 70 starter,400,8,1,12.50%,3.2,3.2,Search
massey harris massey ferguson,0,2,0,0.00%,0,0,Search
allis chalmers 180 parts,212,5,2,40.00%,0.53,1.06,Search
farmall h front wheel,0,3,0,0.00%,0,0,Search
international td340 parts,0,3,0,0.00%,0,0,Search
farmall 560 diesel parts,170,2,1,50.00%,0.34,0.34,Search
case tractor parts online,0,8,0,0.00%,0,0,Search
carburetor rebuild kit for ford 8n,0,2,0,0.00%,0,0,Search
mccormick farmall cub parts,165,2,1,50.00%,0.33,0.33,Search
mid state ag parts,0,2,0,0.00%,0,0,Search
massey ferguson parts lookup,0,8,0,0.00%,0,0,Search
ford tractor clutch replacement,43.33,3,1,33.33%,0.13,0.13,Search
3010 john deere parts,0,4,0,0.00%,0,0,Search
massey ferguson 35 deluxe parts,67.5,4,1,25.00%,0.27,0.27,Search
2jf200,0,3,0,0.00%,0,0,Search
ford 8n temperature gauge kit,0,2,0,0.00%,0,0,Search
allis chalmers b carburetor,207.78,9,1,11.11%,1.87,1.87,Search
ford 3000 tractor radiator engine cooling systems,0,3,0,0.00%,0,0,Search
yesterday's tractor parts,0,19,0,0.00%,0,0,Search
ford 8n parts,392.16,37,13,35.14%,1.12,14.51,Search
ford tractor headlights,0,3,0,0.00%,0,0,Search
ford 8n head gasket,0,5,0,0.00%,0,0,Search
allis chalmers wd45 power steering,0,3,0,0.00%,0,0,Search
ford 8n live pto conversion kit,0,2,0,0.00%,0,0,Search
old time tractor parts,0,3,0,0.00%,0,0,Search
massey ferguson 35 parts list,0,3,0,0.00%,0,0,Search
1950 massey ferguson tractor parts,0,3,0,0.00%,0,0,Search
john deere 40c parts,563.33,3,2,66.67%,0.85,1.69,Search
8n clutch kit,0,3,0,0.00%,0,0,Search
allis chalmers 5020 front axle,0,2,0,0.00%,0,0,Search
farmall 100 parts,0,6,0,0.00%,0,0,Search
john deere 730 starter,0,2,0,0.00%,0,0,Search
farmall 450 head,0,2,0,0.00%,0,0,Search
ford 9 n parts,0,2,0,0.00%,0,0,Search
international tractor parts catalog,25.45,11,2,18.18%,0.14,0.28,Search
ford 9 n parts,705,2,1,50.00%,1.41,1.41,Search
15.5 38 tractor tire,0,3,0,0.00%,0,0,Search
ford naa parts,230,24,4,16.67%,1.38,5.52,Search
john deere pony motor start,0,2,0,0.00%,0,0,Search
case 1290 tractor parts,0,3,0,0.00%,0,0,Search
ih 424 carburetor,0,2,0,0.00%,0,0,Search
t and h tractor parts pavo ga,0,2,0,0.00%,0,0,Search
am141075,0,2,0,0.00%,0,0,Search
john deere 3010 clutch,0,3,0,0.00%,0,0,Search
john deere d carburetor,0,2,0,0.00%,0,0,Search
farmall 460 carburetor,0,3,0,0.00%,0,0,Search
john deere a pulling parts,0,6,0,0.00%,0,0,Search
farmall 100 carburetor rebuild kit,200,3,1,33.33%,0.6,0.6,Search
farmall md parts,0,5,0,0.00%,0,0,Search
12r 3589b carburetor,0,2,0,0.00%,0,0,Search
farmall h gas tank,184.67,15,5,33.33%,0.55,2.77,Search
massey ferguson 35 carburetor rebuild kit,0,8,0,0.00%,0,0,Search
allis chalmers 175 parts,57.5,4,1,25.00%,0.23,0.23,Search
ford 601 parts,329,10,4,40.00%,0.82,3.29,Search
case tractor parts,55.79,261,29,11.11%,0.5,14.56,Search
9n ford tractor parts,844.44,9,2,22.22%,3.8,7.6,Search
ford 8n electrical parts,1490,2,1,50.00%,2.98,2.98,Search
farmall coil,0,3,0,0.00%,0,0,Search
john deere 420 crawler parts,0,2,0,0.00%,0,0,Search
john deere mt parts,0,2,0,0.00%,0,0,Search
farmall h radiator,332.73,44,9,20.45%,1.63,14.64,Search
tsx 706 carburetor,0,2,0,0.00%,0,0,Search
john deere h parts,109.73,37,4,10.81%,1.02,4.06,Search
john deere parts,22.77,47,1,2.13%,1.07,1.07,Search
ford 8n pto seal,0,2,0,0.00%,0,0,Search
massey ferguson 165 carburetor,0,2,0,0.00%,0,0,Search
john deere tractor splitting stands,0,2,0,0.00%,0,0,Search
minneapolis moline u,0,7,0,0.00%,0,0,Search
ford jubilee carb,0,4,0,0.00%,0,0,Search
minneapolis tractor parts,0,2,0,0.00%,0,0,Search
9 n ford tractor parts,182.5,4,1,25.00%,0.73,0.73,Search
massey ferguson 241 parts,180,2,1,50.00%,0.36,0.36,Search
case international tractor parts,0,3,0,0.00%,0,0,Search
pto safety shield,0,4,0,0.00%,0,0,Search
ford 8n front axle,0,2,0,0.00%,0,0,Search
r34362,0,5,0,0.00%,0,0,Search
tillotson mt,0,3,0,0.00%,0,0,Search
international 544 parts,73.33,3,1,33.33%,0.22,0.22,Search
tractor tool box,98.89,9,1,11.11%,0.89,0.89,Search
farmall h live hydraulic pump,0,5,0,0.00%,0,0,Search
farmall m exhaust manifold,0,7,0,0.00%,0,0,Search
dltx 67,0,3,0,0.00%,0,0,Search
farmall super a parts,170,24,6,25.00%,0.68,4.08,Search
abc018,204.17,12,2,16.67%,1.23,2.45,Search
farmall head,0,10,0,0.00%,0,0,Search
override clutch,0,2,0,0.00%,0,0,Search
fuel glass bowl,0,59,0,0.00%,0,0,Search
john deere b oil pump,0,2,0,0.00%,0,0,Search
john deere parts portal,0,2,0,0.00%,0,0,Search
www john deere com,0,5,0,0.00%,0,0,Search
12x28 tractor rim,0,4,0,0.00%,0,0,Search
ford 8n carb,0,3,0,0.00%,0,0,Search
massey ferguson old tractor parts,440,2,1,50.00%,0.88,0.88,Search
farmall m 12 volt conversion,44.06,32,3,9.38%,0.47,1.41,Search
mf 135,0,3,0,0.00%,0,0,Search
tractor international tractors,0,2,0,0.00%,0,0,Search
john deere brackets,0,2,0,0.00%,0,0,Search
tank liner,0,2,0,0.00%,0,0,Search
ih tractors,46,10,1,10.00%,0.46,0.46,Search
a135946,0,5,0,0.00%,0,0,Search
ford tractor engine,0,2,0,0.00%,0,0,Search
wico model x,0,4,0,0.00%,0,0,Search
john deere 3020 manual,0,2,0,0.00%,0,0,Search
80446c91,145,4,1,25.00%,0.58,0.58,Search
rear brake backing plate,0,2,0,0.00%,0,0,Search
farmall m hydraulic pump,326.67,3,1,33.33%,0.98,0.98,Search
parts for john deere,0,3,0,0.00%,0,0,Search
roberts carburetor,20,4,1,25.00%,0.08,0.08,Search
pilot shaft bearing,0,2,0,0.00%,0,0,Search
farmall cub steering,0,12,0,0.00%,0,0,Search
holley float replacement,0,2,0,0.00%,0,0,Search
bates corp tractor parts,113.33,3,1,33.33%,0.34,0.34,Search
806 international tractor parts,0,2,0,0.00%,0,0,Search
international harvester tractor parts,145.38,78,24,30.77%,0.47,11.34,Search
john deere pto seal replacement,0,8,0,0.00%,0,0,Search
6 volt led tractor headlights,0,3,0,0.00%,0,0,Search
farmall m live hydraulic pump,0,5,0,0.00%,0,0,Search
jd 2 cylinder parts,254,5,2,40.00%,0.64,1.27,Search
ford 445 tractor parts,0,6,0,0.00%,0,0,Search
sba310100031,0,3,0,0.00%,0,0,Search
allis chalmers parts catalog,45.56,9,2,22.22%,0.21,0.41,Search
ford n series tractor parts,0,7,0,0.00%,0,0,Search
farmall super c carburetor,0,17,0,0.00%,0,0,Search
hd6 allis chalmers parts,305,2,1,50.00%,0.61,0.61,Search
2000 ford tractor parts,25.79,19,1,5.26%,0.49,0.49,Search
530 case tractor parts,0,2,0,0.00%,0,0,Search
farmall super a rebuild kit,0,4,0,0.00%,0,0,Search
john deere 2510 carburetor,0,5,0,0.00%,0,0,Search
farmall h water pump rebuild kit,0,3,0,0.00%,0,0,Search
ford 860 carburetor,320,3,1,33.33%,0.96,0.96,Search
case tractor emblem,0,2,0,0.00%,0,0,Search
m&w gear company parts,0,6,0,0.00%,0,0,Search
vintage tractor parts suppliers,0,3,0,0.00%,0,0,Search
john deere model 40 parts,0,3,0,0.00%,0,0,Search
farmall super m carburetor,0,8,0,0.00%,0,0,Search
ford 841 parts,0,8,0,0.00%,0,0,Search
farmall cub cylinder head,175,2,1,50.00%,0.35,0.35,Search
tractor light bulbs,0,2,0,0.00%,0,0,Search
1964 ford 4000 tractor parts,0,6,0,0.00%,0,0,Search
carburetor for farmall cub,0,2,0,0.00%,0,0,Search